164,Cherrita,Yerkovich,Cherrita.Yerkovich@yopmail.com,Cherrita.Yerkovich@gmail.com,firefighter
123,Annora,Parsaye,Annora.Parsaye@yopmail.com,Annora.Parsaye@gmail.com,firefighter
276,Kamilah,Macey,Kamilah.Macey@yopmail.com,Kamilah.Macey@gmail.com,police officer
362,Roslyn,Schalles,Roslyn.Schalles@yopmail.com,Roslyn.Schalles@gmail.com,doctor
302,Claresta,Bergman,Claresta.Bergman@yopmail.com,Claresta.Bergman@gmail.com,doctor
436,Nyssa,Blase,Nyssa.Blase@yopmail.com,Nyssa.Blase@gmail.com,doctor
538,Larine,Bandeen,Larine.Bandeen@yopmail.com,Larine.Bandeen@gmail.com,firefighter
515,Nessie,Old,Nessie.Old@yopmail.com,Nessie.Old@gmail.com,developer
480,Marinna,Horan,Marinna.Horan@yopmail.com,Marinna.Horan@gmail.com,firefighter
569,Cecile,Yuille,Cecile.Yuille@yopmail.com,Cecile.Yuille@gmail.com,police officer
345,Nelle,Mallon,Nelle.Mallon@yopmail.com,Nelle.Mallon@gmail.com,police officer
431,Lorie,Henebry,Lorie.Henebry@yopmail.com,Lorie.Henebry@gmail.com,developer
207,Merci,Syd,Merci.Syd@yopmail.com,Merci.Syd@gmail.com,firefighter
326,Rubie,Nea,Rubie.Nea@yopmail.com,Rubie.Nea@gmail.com,developer
544,Natka,Hurley,Natka.Hurley@yopmail.com,Natka.Hurley@gmail.com,developer
443,Orsola,Plato,Orsola.Plato@yopmail.com,Orsola.Plato@gmail.com,police officer
394,Layla,Ader,Layla.Ader@yopmail.com,Layla.Ader@gmail.com,developer
337,Ginnie,Ariella,Ginnie.Ariella@yopmail.com,Ginnie.Ariella@gmail.com,police officer
257,Stevana,Kirstin,Stevana.Kirstin@yopmail.com,Stevana.Kirstin@gmail.com,firefighter
107,Ernesta,Stefa,Ernesta.Stefa@yopmail.com,Ernesta.Stefa@gmail.com,doctor
415,Hettie,Lail,Hettie.Lail@yopmail.com,Hettie.Lail@gmail.com,developer
418,Yolane,Thornburg,Yolane.Thornburg@yopmail.com,Yolane.Thornburg@gmail.com,worker
491,Carree,Cordi,Carree.Cordi@yopmail.com,Carree.Cordi@gmail.com,police officer
397,Jacquetta,Anastatius,Jacquetta.Anastatius@yopmail.com,Jacquetta.Anastatius@gmail.com,developer
218,Shell,Margarete,Shell.Margarete@yopmail.com,Shell.Margarete@gmail.com,developer
176,Johna,Ciapas,Johna.Ciapas@yopmail.com,Johna.Ciapas@gmail.com,doctor
309,Rosabelle,Noelyn,Rosabelle.Noelyn@yopmail.com,Rosabelle.Noelyn@gmail.com,worker
392,Ingrid,Old,Ingrid.Old@yopmail.com,Ingrid.Old@gmail.com,firefighter
289,Cassondra,Diann,Cassondra.Diann@yopmail.com,Cassondra.Diann@gmail.com,worker
187,Beverley,Lorenz,Beverley.Lorenz@yopmail.com,Beverley.Lorenz@gmail.com,firefighter
448,Hope,Desai,Hope.Desai@yopmail.com,Hope.Desai@gmail.com,worker
520,Alleen,Raychel,Alleen.Raychel@yopmail.com,Alleen.Raychel@gmail.com,firefighter
479,Cacilie,Fiester,Cacilie.Fiester@yopmail.com,Cacilie.Fiester@gmail.com,doctor
463,Danny,Franza,Danny.Franza@yopmail.com,Danny.Franza@gmail.com,developer
328,Addia,Adrienne,Addia.Adrienne@yopmail.com,Addia.Adrienne@gmail.com,firefighter
458,Misha,Celestine,Misha.Celestine@yopmail.com,Misha.Celestine@gmail.com,developer
198,Kirstin,Goldina,Kirstin.Goldina@yopmail.com,Kirstin.Goldina@gmail.com,firefighter
334,Nicoli,Israeli,Nicoli.Israeli@yopmail.com,Nicoli.Israeli@gmail.com,doctor
399,Jessamyn,Rad,Jessamyn.Rad@yopmail.com,Jessamyn.Rad@gmail.com,police officer
423,Liana,Astra,Liana.Astra@yopmail.com,Liana.Astra@gmail.com,police officer
501,Gianina,Claudine,Gianina.Claudine@yopmail.com,Gianina.Claudine@gmail.com,developer
315,Penelopa,Wallis,Penelopa.Wallis@yopmail.com,Penelopa.Wallis@gmail.com,firefighter
147,Bobinette,Pulsifer,Bobinette.Pulsifer@yopmail.com,Bobinette.Pulsifer@gmail.com,police officer
529,Magdalena,Lewes,Magdalena.Lewes@yopmail.com,Magdalena.Lewes@gmail.com,worker
206,Orelia,Kenney,Orelia.Kenney@yopmail.com,Orelia.Kenney@gmail.com,firefighter
341,Carmela,Campball,Carmela.Campball@yopmail.com,Carmela.Campball@gmail.com,developer
157,Glenda,Imelida,Glenda.Imelida@yopmail.com,Glenda.Imelida@gmail.com,firefighter
352,Katharina,Pond,Katharina.Pond@yopmail.com,Katharina.Pond@gmail.com,worker
388,Joelly,Celestine,Joelly.Celestine@yopmail.com,Joelly.Celestine@gmail.com,worker
109,Beatriz,Jefferey,Beatriz.Jefferey@yopmail.com,Beatriz.Jefferey@gmail.com,doctor
331,Betta,Gower,Betta.Gower@yopmail.com,Betta.Gower@gmail.com,firefighter
557,Audrie,Genna,Audrie.Genna@yopmail.com,Audrie.Genna@gmail.com,developer
552,Nonnah,Chobot,Nonnah.Chobot@yopmail.com,Nonnah.Chobot@gmail.com,worker
258,Viki,Ehrman,Viki.Ehrman@yopmail.com,Viki.Ehrman@gmail.com,doctor
374,Clementine,Toffic,Clementine.Toffic@yopmail.com,Clementine.Toffic@gmail.com,worker
474,Lenna,Thomasina,Lenna.Thomasina@yopmail.com,Lenna.Thomasina@gmail.com,firefighter
377,Jacquetta,Boycey,Jacquetta.Boycey@yopmail.com,Jacquetta.Boycey@gmail.com,firefighter
128,Hettie,Leary,Hettie.Leary@yopmail.com,Hettie.Leary@gmail.com,firefighter
468,Rhoda,Lemuela,Rhoda.Lemuela@yopmail.com,Rhoda.Lemuela@gmail.com,worker
156,Roberta,Norvol,Roberta.Norvol@yopmail.com,Roberta.Norvol@gmail.com,doctor
322,Oona,Wadell,Oona.Wadell@yopmail.com,Oona.Wadell@gmail.com,developer
145,Willetta,Hertzfeld,Willetta.Hertzfeld@yopmail.com,Willetta.Hertzfeld@gmail.com,firefighter
502,Sharlene,Obed,Sharlene.Obed@yopmail.com,Sharlene.Obed@gmail.com,developer
360,Moyna,Breed,Moyna.Breed@yopmail.com,Moyna.Breed@gmail.com,developer
307,Tabbatha,Selway,Tabbatha.Selway@yopmail.com,Tabbatha.Selway@gmail.com,doctor
148,Corina,Shelba,Corina.Shelba@yopmail.com,Corina.Shelba@gmail.com,police officer
152,Mara,Jeanne,Mara.Jeanne@yopmail.com,Mara.Jeanne@gmail.com,worker
108,Janeczka,Stevy,Janeczka.Stevy@yopmail.com,Janeczka.Stevy@gmail.com,police officer
472,Mara,Tacye,Mara.Tacye@yopmail.com,Mara.Tacye@gmail.com,developer
167,Olivette,Sikorski,Olivette.Sikorski@yopmail.com,Olivette.Sikorski@gmail.com,developer
247,Antonietta,Helve,Antonietta.Helve@yopmail.com,Antonietta.Helve@gmail.com,police officer
174,Nickie,Papageno,Nickie.Papageno@yopmail.com,Nickie.Papageno@gmail.com,police officer
473,Margarette,Lia,Margarette.Lia@yopmail.com,Margarette.Lia@gmail.com,firefighter
173,Justinn,Gavrila,Justinn.Gavrila@yopmail.com,Justinn.Gavrila@gmail.com,doctor
226,Lanae,Maryanne,Lanae.Maryanne@yopmail.com,Lanae.Maryanne@gmail.com,developer
457,Gerrie,Zetta,Gerrie.Zetta@yopmail.com,Gerrie.Zetta@gmail.com,developer
387,Phylis,Hazlett,Phylis.Hazlett@yopmail.com,Phylis.Hazlett@gmail.com,doctor
521,Andeee,Ardra,Andeee.Ardra@yopmail.com,Andeee.Ardra@gmail.com,doctor
547,Letizia,Iiette,Letizia.Iiette@yopmail.com,Letizia.Iiette@gmail.com,worker
214,Judy,Berriman,Judy.Berriman@yopmail.com,Judy.Berriman@gmail.com,firefighter
295,Brena,Leary,Brena.Leary@yopmail.com,Brena.Leary@gmail.com,doctor
372,Pearline,Ursulette,Pearline.Ursulette@yopmail.com,Pearline.Ursulette@gmail.com,developer
545,Carly,Engdahl,Carly.Engdahl@yopmail.com,Carly.Engdahl@gmail.com,worker
422,Vonny,Lay,Vonny.Lay@yopmail.com,Vonny.Lay@gmail.com,police officer
122,Helsa,Sekofski,Helsa.Sekofski@yopmail.com,Helsa.Sekofski@gmail.com,firefighter
236,Fredericka,Jacinda,Fredericka.Jacinda@yopmail.com,Fredericka.Jacinda@gmail.com,doctor
282,Ileana,Bonilla,Ileana.Bonilla@yopmail.com,Ileana.Bonilla@gmail.com,doctor
421,Tami,Ursulette,Tami.Ursulette@yopmail.com,Tami.Ursulette@gmail.com,doctor
132,Tani,Joseph,Tani.Joseph@yopmail.com,Tani.Joseph@gmail.com,police officer
166,Michaelina,Niles,Michaelina.Niles@yopmail.com,Michaelina.Niles@gmail.com,developer
426,Thalia,Colp,Thalia.Colp@yopmail.com,Thalia.Colp@gmail.com,developer
452,Carilyn,Weinreb,Carilyn.Weinreb@yopmail.com,Carilyn.Weinreb@gmail.com,doctor
117,Natka,Lareena,Natka.Lareena@yopmail.com,Natka.Lareena@gmail.com,worker
200,Roslyn,Shaddock,Roslyn.Shaddock@yopmail.com,Roslyn.Shaddock@gmail.com,doctor
270,Lyssa,Sallyann,Lyssa.Sallyann@yopmail.com,Lyssa.Sallyann@gmail.com,developer
428,Madelle,Georgy,Madelle.Georgy@yopmail.com,Madelle.Georgy@gmail.com,police officer
263,Anica,Phyllis,Anica.Phyllis@yopmail.com,Anica.Phyllis@gmail.com,police officer
346,Ginnie,Bryna,Ginnie.Bryna@yopmail.com,Ginnie.Bryna@gmail.com,developer
271,Annora,Vharat,Annora.Vharat@yopmail.com,Annora.Vharat@gmail.com,firefighter
504,Leanna,Helve,Leanna.Helve@yopmail.com,Leanna.Helve@gmail.com,worker
227,Liana,Urania,Liana.Urania@yopmail.com,Liana.Urania@gmail.com,worker
308,Teriann,Albertine,Teriann.Albertine@yopmail.com,Teriann.Albertine@gmail.com,doctor
161,Claresta,Ortrude,Claresta.Ortrude@yopmail.com,Claresta.Ortrude@gmail.com,worker
488,Wendi,Greenwald,Wendi.Greenwald@yopmail.com,Wendi.Greenwald@gmail.com,worker
494,Drucie,Read,Drucie.Read@yopmail.com,Drucie.Read@gmail.com,firefighter
268,Lizzie,Burch,Lizzie.Burch@yopmail.com,Lizzie.Burch@gmail.com,firefighter
182,Audrie,O'Carroll,Audrie.O'Carroll@yopmail.com,Audrie.O'Carroll@gmail.com,worker
131,Tonia,Halla,Tonia.Halla@yopmail.com,Tonia.Halla@gmail.com,worker
210,Desirae,Allys,Desirae.Allys@yopmail.com,Desirae.Allys@gmail.com,worker
321,Lizzie,Carey,Lizzie.Carey@yopmail.com,Lizzie.Carey@gmail.com,worker
272,Cherilyn,Center,Cherilyn.Center@yopmail.com,Cherilyn.Center@gmail.com,police officer
402,Lyssa,Fillbert,Lyssa.Fillbert@yopmail.com,Lyssa.Fillbert@gmail.com,doctor
274,Shauna,Wyn,Shauna.Wyn@yopmail.com,Shauna.Wyn@gmail.com,worker
137,Bee,Giff,Bee.Giff@yopmail.com,Bee.Giff@gmail.com,developer
343,Deane,Kress,Deane.Kress@yopmail.com,Deane.Kress@gmail.com,doctor
312,Chloris,Toffic,Chloris.Toffic@yopmail.com,Chloris.Toffic@gmail.com,developer
357,Karina,Noam,Karina.Noam@yopmail.com,Karina.Noam@gmail.com,worker
475,Drucie,Rozanna,Drucie.Rozanna@yopmail.com,Drucie.Rozanna@gmail.com,developer
100,Deedee,Crudden,Deedee.Crudden@yopmail.com,Deedee.Crudden@gmail.com,doctor
248,Justinn,Maryanne,Justinn.Maryanne@yopmail.com,Justinn.Maryanne@gmail.com,police officer
353,Roberta,Koziara,Roberta.Koziara@yopmail.com,Roberta.Koziara@gmail.com,police officer
114,Jacquetta,Cath,Jacquetta.Cath@yopmail.com,Jacquetta.Cath@gmail.com,worker
134,Inga,Shaddock,Inga.Shaddock@yopmail.com,Inga.Shaddock@gmail.com,worker
381,Wendi,Olympium,Wendi.Olympium@yopmail.com,Wendi.Olympium@gmail.com,firefighter
439,Elvira,Eno,Elvira.Eno@yopmail.com,Elvira.Eno@gmail.com,police officer
561,Lauryn,Vale,Lauryn.Vale@yopmail.com,Lauryn.Vale@gmail.com,doctor
410,Tracey,Jeanne,Tracey.Jeanne@yopmail.com,Tracey.Jeanne@gmail.com,doctor
333,Lyssa,Corilla,Lyssa.Corilla@yopmail.com,Lyssa.Corilla@gmail.com,firefighter
194,Rhoda,Noam,Rhoda.Noam@yopmail.com,Rhoda.Noam@gmail.com,worker
241,Pierette,Quent,Pierette.Quent@yopmail.com,Pierette.Quent@gmail.com,worker
172,Corene,Shanley,Corene.Shanley@yopmail.com,Corene.Shanley@gmail.com,doctor
365,Leona,Letsou,Leona.Letsou@yopmail.com,Leona.Letsou@gmail.com,worker
525,Kate,Urania,Kate.Urania@yopmail.com,Kate.Urania@gmail.com,firefighter
111,Daryl,Kat,Daryl.Kat@yopmail.com,Daryl.Kat@gmail.com,doctor
530,Shannah,Edee,Shannah.Edee@yopmail.com,Shannah.Edee@gmail.com,developer
329,Aurore,Gower,Aurore.Gower@yopmail.com,Aurore.Gower@gmail.com,police officer
396,Rhoda,Albertine,Rhoda.Albertine@yopmail.com,Rhoda.Albertine@gmail.com,firefighter
567,Emylee,Secrest,Emylee.Secrest@yopmail.com,Emylee.Secrest@gmail.com,police officer
445,Ardeen,McGrody,Ardeen.McGrody@yopmail.com,Ardeen.McGrody@gmail.com,developer
449,Ellette,Ader,Ellette.Ader@yopmail.com,Ellette.Ader@gmail.com,police officer
246,Mignon,Lattie,Mignon.Lattie@yopmail.com,Mignon.Lattie@gmail.com,police officer
319,Daryl,Faro,Daryl.Faro@yopmail.com,Daryl.Faro@gmail.com,police officer
359,Caressa,Knowling,Caressa.Knowling@yopmail.com,Caressa.Knowling@gmail.com,firefighter
489,Britni,Herrera,Britni.Herrera@yopmail.com,Britni.Herrera@gmail.com,doctor
524,Genovera,Magdalen,Genovera.Magdalen@yopmail.com,Genovera.Magdalen@gmail.com,developer
576,Mariele,Devlen,Mariele.Devlen@yopmail.com,Mariele.Devlen@gmail.com,firefighter
437,Mureil,Newell,Mureil.Newell@yopmail.com,Mureil.Newell@gmail.com,police officer
541,Tracey,Corrine,Tracey.Corrine@yopmail.com,Tracey.Corrine@gmail.com,worker
296,Dominga,Creamer,Dominga.Creamer@yopmail.com,Dominga.Creamer@gmail.com,worker
551,Oralee,Crudden,Oralee.Crudden@yopmail.com,Oralee.Crudden@gmail.com,police officer
425,Wanda,Catie,Wanda.Catie@yopmail.com,Wanda.Catie@gmail.com,worker
409,Marsiella,Wyn,Marsiella.Wyn@yopmail.com,Marsiella.Wyn@gmail.com,doctor
498,Daryl,Aida,Daryl.Aida@yopmail.com,Daryl.Aida@gmail.com,firefighter
356,Catrina,Friede,Catrina.Friede@yopmail.com,Catrina.Friede@gmail.com,firefighter
549,Lacie,Argus,Lacie.Argus@yopmail.com,Lacie.Argus@gmail.com,firefighter
278,Alyda,Khorma,Alyda.Khorma@yopmail.com,Alyda.Khorma@gmail.com,doctor
297,Melodie,Munn,Melodie.Munn@yopmail.com,Melodie.Munn@gmail.com,worker
492,Gratia,Danby,Gratia.Danby@yopmail.com,Gratia.Danby@gmail.com,doctor
242,Pamella,Seligman,Pamella.Seligman@yopmail.com,Pamella.Seligman@gmail.com,police officer
500,Britni,Wolfgram,Britni.Wolfgram@yopmail.com,Britni.Wolfgram@gmail.com,police officer
191,Leontine,Berriman,Leontine.Berriman@yopmail.com,Leontine.Berriman@gmail.com,police officer
441,Aili,Orpah,Aili.Orpah@yopmail.com,Aili.Orpah@gmail.com,police officer
155,Marleah,Myrilla,Marleah.Myrilla@yopmail.com,Marleah.Myrilla@gmail.com,doctor
499,Candy,Ramona,Candy.Ramona@yopmail.com,Candy.Ramona@gmail.com,firefighter
385,Farrah,Bluh,Farrah.Bluh@yopmail.com,Farrah.Bluh@gmail.com,developer
163,Ana,Nickola,Ana.Nickola@yopmail.com,Ana.Nickola@gmail.com,police officer
130,Alia,Mata,Alia.Mata@yopmail.com,Alia.Mata@gmail.com,firefighter
201,Jasmina,Schwejda,Jasmina.Schwejda@yopmail.com,Jasmina.Schwejda@gmail.com,firefighter
366,Meg,Teryn,Meg.Teryn@yopmail.com,Meg.Teryn@gmail.com,worker
190,Henriette,August,Henriette.August@yopmail.com,Henriette.August@gmail.com,doctor
254,Misha,Taam,Misha.Taam@yopmail.com,Misha.Taam@gmail.com,firefighter
572,Monika,Syd,Monika.Syd@yopmail.com,Monika.Syd@gmail.com,doctor
493,Meghann,Rugen,Meghann.Rugen@yopmail.com,Meghann.Rugen@gmail.com,doctor
230,Vonny,Nicoline,Vonny.Nicoline@yopmail.com,Vonny.Nicoline@gmail.com,police officer
391,Charissa,Erskine,Charissa.Erskine@yopmail.com,Charissa.Erskine@gmail.com,developer
384,Georgetta,Reinke,Georgetta.Reinke@yopmail.com,Georgetta.Reinke@gmail.com,police officer
519,Elka,Odell,Elka.Odell@yopmail.com,Elka.Odell@gmail.com,developer
301,Beverley,Bartlett,Beverley.Bartlett@yopmail.com,Beverley.Bartlett@gmail.com,doctor
517,Lenna,Orlene,Lenna.Orlene@yopmail.com,Lenna.Orlene@gmail.com,doctor
211,Amii,Alexandr,Amii.Alexandr@yopmail.com,Amii.Alexandr@gmail.com,worker
506,Sashenka,Rad,Sashenka.Rad@yopmail.com,Sashenka.Rad@gmail.com,police officer
149,Winifred,Zachary,Winifred.Zachary@yopmail.com,Winifred.Zachary@gmail.com,worker
293,Gui,Gombach,Gui.Gombach@yopmail.com,Gui.Gombach@gmail.com,police officer
400,Imojean,Pitt,Imojean.Pitt@yopmail.com,Imojean.Pitt@gmail.com,police officer
407,Imojean,Virgin,Imojean.Virgin@yopmail.com,Imojean.Virgin@gmail.com,police officer
303,Mireielle,Sikorski,Mireielle.Sikorski@yopmail.com,Mireielle.Sikorski@gmail.com,police officer
165,Fawne,Zachary,Fawne.Zachary@yopmail.com,Fawne.Zachary@gmail.com,worker
325,Tobe,Norvol,Tobe.Norvol@yopmail.com,Tobe.Norvol@gmail.com,doctor
598,Emma,Ciapas,Emma.Ciapas@yopmail.com,Emma.Ciapas@gmail.com,police officer
222,Melodie,Jacobah,Melodie.Jacobah@yopmail.com,Melodie.Jacobah@gmail.com,worker
486,Ashlee,Claudine,Ashlee.Claudine@yopmail.com,Ashlee.Claudine@gmail.com,firefighter
573,Roslyn,Matthew,Roslyn.Matthew@yopmail.com,Roslyn.Matthew@gmail.com,developer
186,Raf,Tryck,Raf.Tryck@yopmail.com,Raf.Tryck@gmail.com,police officer
162,Brynna,Nahum,Brynna.Nahum@yopmail.com,Brynna.Nahum@gmail.com,doctor
209,Hayley,Bashemeth,Hayley.Bashemeth@yopmail.com,Hayley.Bashemeth@gmail.com,police officer
188,Nikki,Roche,Nikki.Roche@yopmail.com,Nikki.Roche@gmail.com,police officer
171,Margarette,Callista,Margarette.Callista@yopmail.com,Margarette.Callista@gmail.com,police officer
417,Evaleen,Thema,Evaleen.Thema@yopmail.com,Evaleen.Thema@gmail.com,doctor
224,Candi,Neils,Candi.Neils@yopmail.com,Candi.Neils@gmail.com,doctor
299,Jaime,Ellerey,Jaime.Ellerey@yopmail.com,Jaime.Ellerey@gmail.com,firefighter
482,Ellette,Matthew,Ellette.Matthew@yopmail.com,Ellette.Matthew@gmail.com,worker
386,Evita,Nicoline,Evita.Nicoline@yopmail.com,Evita.Nicoline@gmail.com,police officer
269,Babita,Anyah,Babita.Anyah@yopmail.com,Babita.Anyah@gmail.com,developer
478,Carolina,Diann,Carolina.Diann@yopmail.com,Carolina.Diann@gmail.com,firefighter
546,Ada,Hamil,Ada.Hamil@yopmail.com,Ada.Hamil@gmail.com,firefighter
446,Abbie,MacIntosh,Abbie.MacIntosh@yopmail.com,Abbie.MacIntosh@gmail.com,firefighter
523,Therine,Oriana,Therine.Oriana@yopmail.com,Therine.Oriana@gmail.com,police officer
158,Selia,Hirsch,Selia.Hirsch@yopmail.com,Selia.Hirsch@gmail.com,doctor
277,Kalina,Breed,Kalina.Breed@yopmail.com,Kalina.Breed@gmail.com,worker
340,Linet,Kendrick,Linet.Kendrick@yopmail.com,Linet.Kendrick@gmail.com,worker
548,Taffy,Whittaker,Taffy.Whittaker@yopmail.com,Taffy.Whittaker@gmail.com,doctor
595,Gusty,Whiffen,Gusty.Whiffen@yopmail.com,Gusty.Whiffen@gmail.com,developer
197,Tani,Bonilla,Tani.Bonilla@yopmail.com,Tani.Bonilla@gmail.com,doctor
327,Kerrin,McClimans,Kerrin.McClimans@yopmail.com,Kerrin.McClimans@gmail.com,firefighter
280,Aryn,Sperling,Aryn.Sperling@yopmail.com,Aryn.Sperling@gmail.com,firefighter
342,Christy,Dudley,Christy.Dudley@yopmail.com,Christy.Dudley@gmail.com,doctor
141,Melina,Garrison,Melina.Garrison@yopmail.com,Melina.Garrison@gmail.com,firefighter
344,Tatiania,Aloise,Tatiania.Aloise@yopmail.com,Tatiania.Aloise@gmail.com,developer
414,Farrah,Gino,Farrah.Gino@yopmail.com,Farrah.Gino@gmail.com,developer
585,Hope,Buffum,Hope.Buffum@yopmail.com,Hope.Buffum@gmail.com,developer
324,Florie,Payson,Florie.Payson@yopmail.com,Florie.Payson@gmail.com,doctor
578,Miquela,Schalles,Miquela.Schalles@yopmail.com,Miquela.Schalles@gmail.com,police officer
323,Kelly,Goddard,Kelly.Goddard@yopmail.com,Kelly.Goddard@gmail.com,police officer
444,Madelle,Myrilla,Madelle.Myrilla@yopmail.com,Madelle.Myrilla@gmail.com,police officer
574,Damaris,Hurley,Damaris.Hurley@yopmail.com,Damaris.Hurley@gmail.com,police officer
193,Collen,Halsey,Collen.Halsey@yopmail.com,Collen.Halsey@gmail.com,developer
105,Carlie,Ellerey,Carlie.Ellerey@yopmail.com,Carlie.Ellerey@gmail.com,police officer
453,Susan,Terencio,Susan.Terencio@yopmail.com,Susan.Terencio@gmail.com,police officer
286,Lily,Sharl,Lily.Sharl@yopmail.com,Lily.Sharl@gmail.com,worker
153,Zsa Zsa,Oscar,Zsa Zsa.Oscar@yopmail.com,Zsa Zsa.Oscar@gmail.com,firefighter
310,Merle,Gladstone,Merle.Gladstone@yopmail.com,Merle.Gladstone@gmail.com,firefighter
220,Ninnetta,Sherfield,Ninnetta.Sherfield@yopmail.com,Ninnetta.Sherfield@gmail.com,police officer
536,Cassandra,Rubie,Cassandra.Rubie@yopmail.com,Cassandra.Rubie@gmail.com,doctor
180,Jessamyn,Arquit,Jessamyn.Arquit@yopmail.com,Jessamyn.Arquit@gmail.com,police officer
112,Orelia,Markman,Orelia.Markman@yopmail.com,Orelia.Markman@gmail.com,police officer
535,Dominga,Tillford,Dominga.Tillford@yopmail.com,Dominga.Tillford@gmail.com,police officer
196,Asia,Carolin,Asia.Carolin@yopmail.com,Asia.Carolin@gmail.com,doctor
447,Morganica,Sophronia,Morganica.Sophronia@yopmail.com,Morganica.Sophronia@gmail.com,worker
285,Millie,Lytton,Millie.Lytton@yopmail.com,Millie.Lytton@gmail.com,firefighter
215,Wynne,Olnee,Wynne.Olnee@yopmail.com,Wynne.Olnee@gmail.com,doctor
260,Jaime,Cloris,Jaime.Cloris@yopmail.com,Jaime.Cloris@gmail.com,police officer
481,Betta,Dosia,Betta.Dosia@yopmail.com,Betta.Dosia@gmail.com,police officer
537,Henriette,Macey,Henriette.Macey@yopmail.com,Henriette.Macey@gmail.com,police officer
570,Ursulina,Lanita,Ursulina.Lanita@yopmail.com,Ursulina.Lanita@gmail.com,firefighter
144,Elena,Armanda,Elena.Armanda@yopmail.com,Elena.Armanda@gmail.com,developer
256,Taffy,Bow,Taffy.Bow@yopmail.com,Taffy.Bow@gmail.com,doctor
587,Andeee,Ephrem,Andeee.Ephrem@yopmail.com,Andeee.Ephrem@gmail.com,worker
233,Lulita,Love,Lulita.Love@yopmail.com,Lulita.Love@gmail.com,worker
543,Blake,Presber,Blake.Presber@yopmail.com,Blake.Presber@gmail.com,doctor
223,Hope,Jethro,Hope.Jethro@yopmail.com,Hope.Jethro@gmail.com,doctor
405,Angela,Gibbeon,Angela.Gibbeon@yopmail.com,Angela.Gibbeon@gmail.com,police officer
243,Allis,Leifeste,Allis.Leifeste@yopmail.com,Allis.Leifeste@gmail.com,doctor
401,Marleah,Harl,Marleah.Harl@yopmail.com,Marleah.Harl@gmail.com,worker
575,Ottilie,Dorothy,Ottilie.Dorothy@yopmail.com,Ottilie.Dorothy@gmail.com,worker
403,Shaylyn,Konyn,Shaylyn.Konyn@yopmail.com,Shaylyn.Konyn@gmail.com,developer
470,Kimberley,Poppy,Kimberley.Poppy@yopmail.com,Kimberley.Poppy@gmail.com,firefighter
237,Yetty,Xerxes,Yetty.Xerxes@yopmail.com,Yetty.Xerxes@gmail.com,police officer
516,Clementine,Marisa,Clementine.Marisa@yopmail.com,Clementine.Marisa@gmail.com,police officer
216,Molli,Kiersten,Molli.Kiersten@yopmail.com,Molli.Kiersten@gmail.com,developer
234,Celestyna,Swigart,Celestyna.Swigart@yopmail.com,Celestyna.Swigart@gmail.com,worker
232,Feliza,Bashemeth,Feliza.Bashemeth@yopmail.com,Feliza.Bashemeth@gmail.com,worker
183,Annaliese,Clarissa,Annaliese.Clarissa@yopmail.com,Annaliese.Clarissa@gmail.com,worker
118,Jasmina,Garrison,Jasmina.Garrison@yopmail.com,Jasmina.Garrison@gmail.com,firefighter
456,Cristine,Joeann,Cristine.Joeann@yopmail.com,Cristine.Joeann@gmail.com,police officer
454,Cordi,Edvard,Cordi.Edvard@yopmail.com,Cordi.Edvard@gmail.com,developer
124,Calla,Gunn,Calla.Gunn@yopmail.com,Calla.Gunn@gmail.com,police officer
160,Emilia,Lissi,Emilia.Lissi@yopmail.com,Emilia.Lissi@gmail.com,police officer
317,Chastity,Lia,Chastity.Lia@yopmail.com,Chastity.Lia@gmail.com,developer
133,Dawn,Howlyn,Dawn.Howlyn@yopmail.com,Dawn.Howlyn@gmail.com,developer
177,Arabel,Sekofski,Arabel.Sekofski@yopmail.com,Arabel.Sekofski@gmail.com,worker
434,Roz,Ashok,Roz.Ashok@yopmail.com,Roz.Ashok@gmail.com,worker
151,Jessy,Brackely,Jessy.Brackely@yopmail.com,Jessy.Brackely@gmail.com,firefighter
279,Beverley,Guildroy,Beverley.Guildroy@yopmail.com,Beverley.Guildroy@gmail.com,firefighter
238,Lily,Oriana,Lily.Oriana@yopmail.com,Lily.Oriana@gmail.com,developer
316,Minne,Bergman,Minne.Bergman@yopmail.com,Minne.Bergman@gmail.com,firefighter
358,Imojean,Desai,Imojean.Desai@yopmail.com,Imojean.Desai@gmail.com,doctor
250,Queenie,Tarrant,Queenie.Tarrant@yopmail.com,Queenie.Tarrant@gmail.com,developer
556,Collen,Taima,Collen.Taima@yopmail.com,Collen.Taima@gmail.com,doctor
306,Alyssa,Anselmi,Alyssa.Anselmi@yopmail.com,Alyssa.Anselmi@gmail.com,police officer
424,Aeriela,Merna,Aeriela.Merna@yopmail.com,Aeriela.Merna@gmail.com,developer
347,Eolanda,Bergman,Eolanda.Bergman@yopmail.com,Eolanda.Bergman@gmail.com,doctor
267,Sam,Ethban,Sam.Ethban@yopmail.com,Sam.Ethban@gmail.com,doctor
126,Orelia,Grosz,Orelia.Grosz@yopmail.com,Orelia.Grosz@gmail.com,doctor
580,Carmela,Gombach,Carmela.Gombach@yopmail.com,Carmela.Gombach@gmail.com,doctor
251,Annaliese,Trey,Annaliese.Trey@yopmail.com,Annaliese.Trey@gmail.com,firefighter
562,Madelle,Rad,Madelle.Rad@yopmail.com,Madelle.Rad@gmail.com,worker
599,Luci,Colyer,Luci.Colyer@yopmail.com,Luci.Colyer@gmail.com,doctor
419,Rochette,Sisile,Rochette.Sisile@yopmail.com,Rochette.Sisile@gmail.com,doctor
430,Devina,Fleeta,Devina.Fleeta@yopmail.com,Devina.Fleeta@gmail.com,police officer
154,Grier,Phi,Grier.Phi@yopmail.com,Grier.Phi@gmail.com,doctor
565,Genovera,Etom,Genovera.Etom@yopmail.com,Genovera.Etom@gmail.com,developer
390,Marinna,Couture,Marinna.Couture@yopmail.com,Marinna.Couture@gmail.com,police officer
231,Florie,Gino,Florie.Gino@yopmail.com,Florie.Gino@gmail.com,developer
592,Kial,Thunell,Kial.Thunell@yopmail.com,Kial.Thunell@gmail.com,doctor
259,Abbie,Terencio,Abbie.Terencio@yopmail.com,Abbie.Terencio@gmail.com,doctor
596,Gusella,Tristram,Gusella.Tristram@yopmail.com,Gusella.Tristram@gmail.com,doctor
351,Kamilah,Colyer,Kamilah.Colyer@yopmail.com,Kamilah.Colyer@gmail.com,worker
534,Shannah,Liva,Shannah.Liva@yopmail.com,Shannah.Liva@gmail.com,doctor
348,Cherrita,Muriel,Cherrita.Muriel@yopmail.com,Cherrita.Muriel@gmail.com,developer
338,Teriann,Eliathas,Teriann.Eliathas@yopmail.com,Teriann.Eliathas@gmail.com,doctor
179,Teriann,Leffen,Teriann.Leffen@yopmail.com,Teriann.Leffen@gmail.com,police officer
261,Alyda,Dash,Alyda.Dash@yopmail.com,Alyda.Dash@gmail.com,doctor
540,Aurelie,Darian,Aurelie.Darian@yopmail.com,Aurelie.Darian@gmail.com,doctor
208,Cherrita,Bevin,Cherrita.Bevin@yopmail.com,Cherrita.Bevin@gmail.com,firefighter
id,firstname,lastname,email,email2,profession
287,Pierette,Doig,Pierette.Doig@yopmail.com,Pierette.Doig@gmail.com,firefighter
235,Jeanna,Judye,Jeanna.Judye@yopmail.com,Jeanna.Judye@gmail.com,police officer
591,Adore,Creamer,Adore.Creamer@yopmail.com,Adore.Creamer@gmail.com,police officer
181,Edee,Pauly,Edee.Pauly@yopmail.com,Edee.Pauly@gmail.com,firefighter
305,Emylee,Center,Emylee.Center@yopmail.com,Emylee.Center@gmail.com,police officer
266,Kaja,Sothena,Kaja.Sothena@yopmail.com,Kaja.Sothena@gmail.com,developer
568,Arlina,Izaak,Arlina.Izaak@yopmail.com,Arlina.Izaak@gmail.com,firefighter
127,Annecorinne,Hylan,Annecorinne.Hylan@yopmail.com,Annecorinne.Hylan@gmail.com,developer
539,Juliane,Cavan,Juliane.Cavan@yopmail.com,Juliane.Cavan@gmail.com,firefighter
185,Meg,Chem,Meg.Chem@yopmail.com,Meg.Chem@gmail.com,developer
507,Daune,Drus,Daune.Drus@yopmail.com,Daune.Drus@gmail.com,police officer
169,Minda,Shaver,Minda.Shaver@yopmail.com,Minda.Shaver@gmail.com,police officer
496,Doro,Urania,Doro.Urania@yopmail.com,Doro.Urania@gmail.com,police officer
368,Ebonee,Florina,Ebonee.Florina@yopmail.com,Ebonee.Florina@gmail.com,worker
581,Jacenta,Keily,Jacenta.Keily@yopmail.com,Jacenta.Keily@gmail.com,firefighter
298,Drucie,Monk,Drucie.Monk@yopmail.com,Drucie.Monk@gmail.com,developer
526,Rivalee,Malvino,Rivalee.Malvino@yopmail.com,Rivalee.Malvino@gmail.com,worker
120,Vivia,Ivens,Vivia.Ivens@yopmail.com,Vivia.Ivens@gmail.com,firefighter
150,Melodie,Naashom,Melodie.Naashom@yopmail.com,Melodie.Naashom@gmail.com,developer
461,Ottilie,Schlosser,Ottilie.Schlosser@yopmail.com,Ottilie.Schlosser@gmail.com,police officer
102,Quintina,Urania,Quintina.Urania@yopmail.com,Quintina.Urania@gmail.com,firefighter
503,Zsa Zsa,Brunell,Zsa Zsa.Brunell@yopmail.com,Zsa Zsa.Brunell@gmail.com,worker
497,Tomasina,Iphlgenia,Tomasina.Iphlgenia@yopmail.com,Tomasina.Iphlgenia@gmail.com,worker
245,Arlena,Jotham,Arlena.Jotham@yopmail.com,Arlena.Jotham@gmail.com,developer
240,Orsola,Weitman,Orsola.Weitman@yopmail.com,Orsola.Weitman@gmail.com,worker
533,Nita,Stelle,Nita.Stelle@yopmail.com,Nita.Stelle@gmail.com,developer
542,Jenilee,Seessel,Jenilee.Seessel@yopmail.com,Jenilee.Seessel@gmail.com,police officer
249,Max,Poll,Max.Poll@yopmail.com,Max.Poll@gmail.com,worker
354,Zsa Zsa,Maxi,Zsa Zsa.Maxi@yopmail.com,Zsa Zsa.Maxi@gmail.com,developer
566,Wendi,Masao,Wendi.Masao@yopmail.com,Wendi.Masao@gmail.com,firefighter
513,Jenilee,Publia,Jenilee.Publia@yopmail.com,Jenilee.Publia@gmail.com,police officer
239,Marguerite,Yorick,Marguerite.Yorick@yopmail.com,Marguerite.Yorick@gmail.com,doctor
429,Melisent,Ashok,Melisent.Ashok@yopmail.com,Melisent.Ashok@gmail.com,police officer
291,Fidelia,Middleton,Fidelia.Middleton@yopmail.com,Fidelia.Middleton@gmail.com,worker
590,Madeleine,Nickola,Madeleine.Nickola@yopmail.com,Madeleine.Nickola@gmail.com,police officer
382,Jillayne,Ciapas,Jillayne.Ciapas@yopmail.com,Jillayne.Ciapas@gmail.com,worker
550,Tatiania,Laverne,Tatiania.Laverne@yopmail.com,Tatiania.Laverne@gmail.com,firefighter
281,Darci,Reinke,Darci.Reinke@yopmail.com,Darci.Reinke@gmail.com,worker
597,Krystle,Milson,Krystle.Milson@yopmail.com,Krystle.Milson@gmail.com,doctor
464,Lita,Maples,Lita.Maples@yopmail.com,Lita.Maples@gmail.com,police officer
554,Alyda,Mayeda,Alyda.Mayeda@yopmail.com,Alyda.Mayeda@gmail.com,worker
528,Jessy,Edmund,Jessy.Edmund@yopmail.com,Jessy.Edmund@gmail.com,doctor
508,Marylou,Whiffen,Marylou.Whiffen@yopmail.com,Marylou.Whiffen@gmail.com,worker
262,Cherrita,Vivle,Cherrita.Vivle@yopmail.com,Cherrita.Vivle@gmail.com,worker
170,Lauryn,Briney,Lauryn.Briney@yopmail.com,Lauryn.Briney@gmail.com,doctor
